{"cameraMode":{"drawMode":0,"name":"Shaded","section":"Shading Mode"},"sceneLighting":true,"audioPlay":false,"sceneViewState":{"m_AlwaysRefresh":false,"showFog":true,"showSkybox":true,"showFlares":true,"showImageEffects":true,"showParticleSystems":true,"showVisualEffectGraphs":true,"m_FxEnabled":true},"in2DMode":false,"pivot":{"x":31.46710205078125,"y":-283.2638244628906,"z":-406.9718933105469},"rotation":{"x":-0.011659201234579087,"y":-0.9544731378555298,"z":0.2958906292915344,"w":-0.037547480314970019},"size":254.58892822265626,"orthographic":false}